Name|md5|Machine|SizeOfOptionalHeader|Characteristics|MajorLinkerVersion|MinorLinkerVersion|SizeOfCode|SizeOfInitializedData|SizeOfUninitializedData|AddressOfEntryPoint|BaseOfCode|BaseOfData|ImageBase|SectionAlignment|FileAlignment|MajorOperatingSystemVersion|MinorOperatingSystemVersion|MajorImageVersion|MinorImageVersion|MajorSubsystemVersion|MinorSubsystemVersion|SizeOfImage|SizeOfHeaders|CheckSum|Subsystem|DllCharacteristics|SizeOfStackReserve|SizeOfStackCommit|SizeOfHeapReserve|SizeOfHeapCommit|LoaderFlags|NumberOfRvaAndSizes|SectionsNb|SectionsMeanEntropy|SectionsMinEntropy|SectionsMaxEntropy|SectionsMeanRawsize|SectionsMinRawsize|SectionMaxRawsize|SectionsMeanVirtualsize|SectionsMinVirtualsize|SectionMaxVirtualsize|ImportsNbDLL|ImportsNb|ImportsNbOrdinal|ExportNb|ResourcesNb|ResourcesMeanEntropy|ResourcesMinEntropy|ResourcesMaxEntropy|ResourcesMeanSize|ResourcesMinSize|ResourcesMaxSize|LoadConfigurationSize|VersionInformationSize|legitimate
Sublime_Text.exe|adfe09bbcd14c82fc1f415d270ddfd0c|332|224|33167|2|25|65024|53248|0|70588|4096|73728|4194304|4096|512|5|0|6|0|5|0|163840|1024|9147612|2|32768|1048576|16384|1048576|4096|0|16|8|2.95949905734571|0|6.39148264825676|14784|0|61952|17395.5|8|61740|11|120|0|0|17|3.60829062928786|2.56031160924096|5.17905859206741|2591.64705882353|16|33512|0|0|1
VSCodeUserSetup-ia32-1.33.1.exe|bf8fa3510882ade84ba4762a0cbd8a39|332|224|33167|2|25|65024|93184|0|70588|4096|73728|4194304|4096|512|5|0|6|0|5|0|200704|1024|43946166|2|32768|1048576|16384|1048576|4096|0|16|8|2.89865879448221|0|6.39164664963785|19776|0|85504|22377.5|8|85412|11|120|0|0|20|3.321112325347|1.70690508818097|7.66543352117229|4210.65|16|33512|0|0|1
7z1900.exe|d342ec5ee0d6a24aca56d34c0db8f70f|332|224|303|6|0|25600|18944|0|29156|4096|32768|4194304|4096|512|4|0|0|0|4|0|57344|1024|0|2|256|1048576|4096|1048576|4096|0|16|4|3.88146853309398|0.020393135236085|6.57475166469981|8832|512|25600|11016|4072|25468|6|78|0|0|6|2.90467989323058|1.39918346008389|5.38456360621592|604.333333333333|34|1458|0|0|1
cpu-z_1.88-en.exe|fb0d37eac379fd5d4d99ac553ef8893a|332|224|33167|2|25|41984|17920|0|43728|4096|49152|4194304|4096|512|1|0|6|0|4|0|86016|1024|1848048|2|33088|1048576|16384|1048576|4096|0|16|8|2.32984463911703|0|6.60167423509431|7168|0|41984|7733|8|41480|8|98|0|0|14|3.45451666028662|2.57057116488982|5.1396530012495|736|44|2216|0|0|1
DashlaneInst.exe|36d3f14a044526dc18960aa9989035bc|332|224|259|14|0|26112|118784|1024|13385|4096|32768|4194304|4096|512|5|1|6|0|5|1|1089536|1024|723063|2|34112|1048576|4096|1048576|4096|0|16|5|3.92181797812062|0|6.53342763051229|44032|0|187392|215189.8|5798|749568|7|159|1|0|22|3.95619876080703|2.68175736023003|7.9684612647149|8450.68181818182|104|67624|0|0|1
Everything-1.4.1.935.x86-Setup.exe|fdedb9e4333d4736a09902f4450a8e8b|332|224|258|10|0|28672|445952|16896|14819|4096|32768|4194304|4096|512|5|0|6|0|5|0|1572864|1024|1495132|2|34112|1048576|4096|1048576|4096|0|16|6|3.1444806456049|0|6.49788465185942|14848|0|44544|260972|3978|1052672|8|172|1|0|56|3.02472443743366|2.331300127036|7.73188416628566|736.75|140|9640|0|0|1
Firefox Setup 57.0.2.exe|33bfef0e78964b31ad275d1d6d2e57ab|332|224|271|6|0|57344|65536|167936|228496|172032|229376|4194304|4096|512|4|0|0|0|4|0|294912|4096|35801072|2|0|1048576|4096|1048576|4096|0|16|3|5.09096517733072|0|7.87373717122658|39765.3333333333|0|61952|96938.6666666667|57344|167936|2|7|0|0|11|5.25716682100055|2.49051608275254|7.98148039202579|5564.63636363636|9|40620|0|0|1
flux-setup.exe|2db95dbaa240151ce787390e15827700|332|224|271|6|0|23552|120320|1024|12539|4096|28672|4194304|4096|512|4|0|6|0|4|0|237568|1024|670400|2|32768|1048576|4096|1048576|4096|0|16|5|4.2205965748003|0|6.42230569414204|10547.2|0|23552|44545.8|4502|110648|7|152|1|0|14|3.56076969760309|0|5.85742351129428|1575.92857142857|104|9640|0|0|1
Git-2.21.0-64-bit.exe|f2239a7a77ce79f9bfbda59bb2a4ec78|332|224|33167|2|25|66560|156672|0|71708|4096|73728|4194304|4096|512|5|0|6|0|5|0|266240|1024|46367655|2|33088|1048576|16384|1048576|4096|0|16|8|2.875903944271|0|6.37587901342021|27904|0|148480|30385|8|147996|11|122|0|0|19|3.64743325413916|2.23191032243081|7.76703434897153|7728.73684210526|16|67624|0|0|1
ipscan-3.5.1-setup.exe|961360478110669cbfdd0703bae67c76|332|224|258|10|0|28672|445952|16896|14819|4096|32768|4194304|4096|512|5|0|6|0|5|0|1785856|1024|0|2|34112|1048576|4096|1048576|4096|0|16|6|4.45325746808484|0|7.83220230708473|14592|0|43008|296193.333333333|3978|1265664|8|172|1|0|16|4.02117013305526|0|7.88341833572269|2602.1875|132|15665|0|0|1
mbam-setup-2.2.1.1043.exe|1ac44fd4cb588d5b7aef910ef16b45a0|332|224|33167|2|25|40448|17920|0|42488|4096|45056|4194304|4096|512|1|0|6|0|4|0|81920|1024|22912890|2|32768|1048576|16384|1048576|4096|0|16|8|2.32906830031377|0|6.63160339582572|6976|0|40448|7560.5|8|40240|8|96|0|0|14|3.4859616869967|2.64576300669092|5.1396530012495|736|44|2216|0|0|1
ProxifierSetup.exe|f19e87e2057a395a1f1dad61bb20b4de|332|224|33167|2|25|65024|53248|0|70588|4096|73728|4194304|4096|512|5|0|6|0|5|0|163840|1024|4117900|2|33088|1048576|16384|1048576|4096|0|16|8|2.96281138653322|0|6.39169445914897|14784|0|61952|17397|8|61748|11|120|0|0|17|3.62249725090613|2.56031160924096|5.17905859206741|2595.64705882353|16|33512|0|0|1
SHAREit-KCWEB.exe|a458c6d2b7b2c6b1aeb547b1027884c9|332|224|33167|2|25|65024|318464|0|70588|4096|73728|4194304|4096|512|5|0|6|0|5|0|425984|1024|6463530|2|33088|1048576|16384|1048576|4096|0|16|8|3.03457632507543|0|6.39169445914897|47936|0|310784|50542|8|310728|11|120|0|0|14|3.59847863690285|1.67095059445467|5.17905859206741|22130|16|270376|0|0|1
vlc-3.0.6-win32.exe|f5047d1a1c004bdea498c04df039f3cd|332|224|783|2|29|37888|38912|131072|17740|4096|45056|4194304|4096|512|4|0|6|0|4|0|524288|1024|40520604|2|34112|2097152|4096|1048576|4096|0|16|7|3.82424533493632|0|7.1889300404182|23698.2857142857|0|93696|72577.1428571429|192|212992|7|165|0|0|58|2.99768002331274|2.40320055667801|7.98667749011963|1556|90|54430|0|0|1
xqpc_client.exe|c6105b884ac853cfe8bdca591a37568a|332|224|258|9|0|1750016|8332288|0|680594|4096|1757184|4194304|4096|512|5|0|0|0|5|0|10223616|1024|10143772|2|33088|1048576|4096|1048576|4096|0|16|6|5.05081200186815|0|7.99455578250729|1680384|512|7949824|1700396.83333333|2|7949524|15|365|1|0|31|4.60282095621215|1.79755390899781|7.99855211996145|256381.451612903|16|7603420|72|0|1
VirusShare_7a608bbbc2f7f01e17b4f5ab979b70f7|7a608bbbc2f7f01e17b4f5ab979b70f7|332|224|258|11|0|113664|682496|0|24735|4096|118784|4194304|4096|512|5|1|0|0|5|1|851968|1024|2018160304|2|33088|1048576|4096|1048576|4096|0|16|3|4.26337706158|0.206920017787|7.99894163996|94549.3333333|512|246272|281429.333333|512|806912|4|7|1|0|7|4.45336795506|2.62307816502|7.96700202426|80992.8571429|62|534528|0|0|0
VirusShare_52baa83a0f137876ae0e52475e5999f8|52baa83a0f137876ae0e52475e5999f8|332|224|258|10|0|119808|385024|0|61532|4096|126976|4194304|4096|512|5|1|0|0|5|1|528384|1024|544444|2|33088|1048576|4096|1048576|4096|0|16|5|5.65935611278|4.15850637054|7.96309810922|100966.4|9728|330752|102635.8|9416|339716|3|90|0|0|6|3.75279847985|2.45849222582|5.31755235629|2738.83333333|48|9640|72|15|0
VirusShare_51fcee1e3cbdd485818f8146ff9b6064|51fcee1e3cbdd485818f8146ff9b6064|332|224|271|6|0|23552|164864|1024|12525|4096|28672|4194304|4096|512|4|0|0|0|4|0|249856|1024|0|2|0|1048576|4096|1048576|4096|0|16|5|4.42651717833|0|6.47912796384|9523.2|0|23552|47484|4764|154712|8|155|1|0|14|4.16300049645|2.56193367224|6.26611549455|1208.14285714|104|4264|0|17|0
VirusShare_9d55e3b934bd644ee9f282e0bb44d611|9d55e3b934bd644ee9f282e0bb44d611|332|224|258|11|0|353792|259584|0|182704|4096|360448|4194304|4096|512|5|1|0|0|5|1|630784|1024|0|2|33088|1048576|4096|1048576|4096|0|16|5|4.6033529062|2.37602766193|6.30554859167|120832|7680|353792|122452.2|16468|353791|7|138|0|0|7|3.91441475516|1.44168828354|7.67709054366|7298.42857143|16|28438|72|0|0
VirusShare_7aab50cc9391fcbfc8d6a98dc0e542e7|7aab50cc9391fcbfc8d6a98dc0e542e7|332|224|258|12|0|88576|76800|0|21453|4096|94208|4194304|4096|512|5|1|0|0|5|1|180224|1024|168950|2|33088|1048576|4096|1048576|4096|0|16|5|5.604750843|3.5633835456|6.6633065427|31232|5632|88576|32686.8|5696|88252|9|118|4|0|9|4.01530427974|1.37587964515|6.5651312269|2666.11111111|16|16936|72|10|0
VirusShare_5fd328cfd7560a3317d2b4001c8a8545|5fd328cfd7560a3317d2b4001c8a8545|332|224|258|10|0|119808|385024|0|61532|4096|126976|4194304|4096|512|5|1|0|0|5|1|528384|1024|533084|2|33088|1048576|4096|1048576|4096|0|16|5|5.6663371314|4.18953861211|7.96311398057|100966.4|9728|330752|102644.2|9418|339748|3|90|0|0|6|3.77675976631|2.45849222582|5.31755235629|2740.16666667|48|9640|72|15|0
VirusShare_5d61d61c10f0f5ab57a9df1c97040124|5d61d61c10f0f5ab57a9df1c97040124|332|224|258|9|0|532480|12288|1548288|2080928|1552384|2084864|4128768|4096|512|5|0|0|0|5|0|2097152|4096|573923|2|32832|1048576|4096|1048576|4096|0|16|3|4.74680907362|0|7.99914584128|181418.666667|0|531968|697685.333333|12288|1548288|16|21|1|0|57|0.575423799669|0|7.34062679992|13033.4385965|20|415450|0|16|0
VirusShare_6c54be00e5366c2f16e6e2f8a5044f59|6c54be00e5366c2f16e6e2f8a5044f59|332|224|258|10|0|120320|385024|0|61658|4096|126976|4194304|4096|512|5|1|0|0|5|1|528384|1024|567656|2|33088|1048576|4096|1048576|4096|0|16|5|5.63083047956|4.05523079353|7.96309190478|101068.8|9728|330752|102625|9400|339684|2|87|0|0|6|3.67288130951|2.45849222582|5.31755235629|2738.83333333|48|9640|72|15|0
VirusShare_6df040e1b42115862c7109c8d14d58c4|6df040e1b42115862c7109c8d14d58c4|332|224|33167|2|25|37888|13824|0|40000|4096|45056|4194304|4096|512|1|0|0|0|4|0|81920|1024|635041|2|0|1048576|16384|1048576|4096|0|16|8|2.34828876642|0|6.67488280675|6464|0|37888|7046.5|8|37732|8|96|0|0|13|3.50995904476|2.64576300669|5.08452412901|684.615384615|44|2216|0|0|0
VirusShare_1782f802424f61e7080ff142ed75114f|1782f802424f61e7080ff142ed75114f|332|224|258|10|0|120320|385024|0|61578|4096|126976|4194304|4096|512|5|1|0|0|5|1|528384|1024|561648|2|33088|1048576|4096|1048576|4096|0|16|5|5.64644365076|4.11726411592|7.96277585234|101068.8|9728|330752|102623.8|9404|339652|3|89|0|0|6|3.72982390563|2.45849222582|5.31755235629|2739.5|48|9640|72|15|0
VirusShare_a29fd953ee653342dfbf08cf75da5c12|a29fd953ee653342dfbf08cf75da5c12|332|224|783|2|56|29184|14848|110592|14764|4096|36864|4194304|4096|512|4|0|6|0|4|0|221184|1024|0|2|32768|2097152|4096|1048576|4096|0|16|7|3.34528001443|0|6.30323831549|8118.85714286|0|29184|28755.4285714|140|110088|8|155|0|0|8|4.0912689525|2.45849222582|5.86996923095|2088.75|48|9640|0|0|0
VirusShare_8fc40a1d8956e5fdedf218df1e85b5da|8fc40a1d8956e5fdedf218df1e85b5da|332|224|258|11|0|111104|393216|0|22143|4096|118784|4194304|4096|512|5|1|0|0|5|1|524288|1024|2018372272|2|33088|1048576|4096|1048576|4096|0|16|5|5.55918965656|3.97784589399|6.53743763344|99123.2|16896|307712|100580.8|16560|307216|4|88|1|0|6|4.94423888167|2.45849222582|6.53444116943|51133.3333333|48|291328|72|0|0
VirusShare_bc1f18a9b5d7dcdbf977cb49a67d5071|bc1f18a9b5d7dcdbf977cb49a67d5071|332|224|258|10|0|118784|382464|0|59930|4096|122880|4194304|4096|512|5|1|0|0|5|1|520192|1024|509436|2|33088|1048576|4096|1048576|4096|0|16|5|5.65902241338|4.1786401566|7.96340474214|100249.6|9216|334848|101590.6|9374|334360|7|115|0|0|16|6.34249636714|2.45849222582|7.99307000943|20840|48|40724|72|14|0
VirusShare_80222e02e2212d528d6b4f779263cc31|80222e02e2212d528d6b4f779263cc31|332|224|258|10|0|23552|123392|1024|13115|4096|28672|4194304|4096|512|5|1|6|0|5|1|524288|1024|0|2|34112|1048576|4096|1048576|4096|0|16|6|2.88612638936|0|6.45823985736|37461.3333333|0|192000|85515|2680|191864|8|158|1|0|15|4.00029766338|2.48824632785|5.20766682301|12733.1333333|96|67624|0|15|0
VirusShare_a516f407ce301173d3b3f3065e6ce82f|a516f407ce301173d3b3f3065e6ce82f|332|224|258|10|0|28672|445952|16896|14819|4096|32768|4194304|4096|512|5|0|6|0|5|0|3977216|1024|680384|2|34112|1048576|4096|1048576|4096|0|16|6|2.65064184009|0|6.49788465186|30634.6666667|0|139264|661773.333333|3978|3362816|8|172|1|0|21|3.42072662405|1.86523352037|7.9688495098|6558.42857143|180|67624|0|0|0
VirusShare_565ec43a29896bf954cd772e4f2b042e|565ec43a29896bf954cd772e4f2b042e|332|224|258|12|0|64000|183296|0|10482|4096|69632|4194304|4096|512|5|1|0|0|5|1|262144|1024|259470|2|33088|1048576|4096|1048576|4096|0|16|5|5.69078845057|3.42614070159|7.2456403754|47923.2|5120|138240|49202.2|4832|137960|3|77|0|0|7|4.24373495021|2.64576300669|7.23515163355|19641.2857143|62|132096|72|0|0
VirusShare_9e978b3426cb9ed7715ef48931bdc268|9e978b3426cb9ed7715ef48931bdc268|332|224|258|10|0|119808|385024|0|61532|4096|126976|4194304|4096|512|5|1|0|0|5|1|528384|1024|537079|2|33088|1048576|4096|1048576|4096|0|16|5|5.65935611278|4.15850637054|7.96309810922|100966.4|9728|330752|102635.8|9416|339716|3|90|0|0|6|3.75279847985|2.45849222582|5.31755235629|2738.83333333|48|9640|72|15|0
VirusShare_cd8ffbc9e3fbb4da3dd61a25d2116b31|cd8ffbc9e3fbb4da3dd61a25d2116b31|332|224|8450|9|0|46080|22528|0|2179072|4096|53248|268435456|4096|512|5|0|0|0|5|0|2183168|1024|1010094|2|64|1048576|4096|1048576|4096|0|16|6|5.16700120543|0.256865026048|7.9656471496|160597.333333|512|928256|362568.666667|436|1163264|17|17|0|0|1|4.79597360227|4.79597360227|4.79597360227|346|346|346|0|0|0
VirusShare_3335cdbd786507204d09397c3a40d962|3335cdbd786507204d09397c3a40d962|332|224|258|12|0|64000|183296|0|10482|4096|69632|4194304|4096|512|5|1|0|0|5|1|262144|1024|301854|2|33088|1048576|4096|1048576|4096|0|16|5|5.69677745891|3.42614070159|7.27552817089|47923.2|5120|138240|49202.2|4832|137960|3|77|0|0|7|4.24682538959|2.64576300669|7.25678470915|19641.2857143|62|132096|72|0|0
VirusShare_50f82eea0585d88844bfc42e5058c2f5|50f82eea0585d88844bfc42e5058c2f5|332|224|258|10|0|119808|385024|0|61532|4096|126976|4194304|4096|512|5|1|0|0|5|1|528384|1024|567754|2|33088|1048576|4096|1048576|4096|0|16|5|5.65935611278|4.15850637054|7.96309810922|100966.4|9728|330752|102635.8|9416|339716|3|90|0|0|6|3.75279847985|2.45849222582|5.31755235629|2738.83333333|48|9640|72|15|0
VirusShare_9d69021c3345bc5773a898a53b8bf09f|9d69021c3345bc5773a898a53b8bf09f|332|224|259|9|0|517120|152064|0|510987|4096|524288|4194304|4096|512|5|0|0|0|5|0|684032|1024|0|2|32768|1048576|4096|1048576|4096|0|16|4|5.58910712872|4.46613711231|6.65067048659|167296|8192|517120|167745.75|10684|516777|13|498|35|0|25|3.60093516421|0.960953135828|6.8746530448|2090.36|28|16936|72|15|0
VirusShare_3534000c60d11a7a222b2a3624d065bd|3534000c60d11a7a222b2a3624d065bd|332|224|258|10|0|120320|385024|0|61562|4096|126976|4194304|4096|512|5|1|0|0|5|1|528384|1024|524241|2|33088|1048576|4096|1048576|4096|0|16|5|5.65247006243|4.14990094209|7.96279259334|101068.8|9728|330752|102619|9396|339620|3|89|0|0|6|3.75606821168|2.45849222582|5.31755235629|2739.5|48|9640|72|15|0
VirusShare_c68108d9d0425d6f631d6e467d822720|c68108d9d0425d6f631d6e467d822720|332|224|258|10|0|118784|384000|0|59930|4096|122880|4194304|4096|512|5|1|0|0|5|1|520192|1024|564814|2|33088|1048576|4096|1048576|4096|0|16|5|5.67324062526|4.22183585954|7.96348946413|100556.8|9728|334848|101981.4|9372|334688|7|115|0|0|22|6.8351510515|2.45849222582|7.99048736758|15158.5|48|22648|72|14|0
VirusShare_41126cadc484593032aaff3183bc8c04|41126cadc484593032aaff3183bc8c04|332|224|258|10|0|117760|392192|0|58906|4096|122880|4194304|4096|512|5|1|0|0|5|1|520192|1024|573862|2|33088|1048576|4096|1048576|4096|0|16|5|5.5972663736|3.85813977692|7.96334517707|100352|9728|330752|101706.2|9334|338628|3|90|0|0|5|3.42584876134|2.45849222582|4.03553849983|3146.4|48|9640|72|15|0
VirusShare_d85d02bc4678e90bc01f2fa9d2ef4709|d85d02bc4678e90bc01f2fa9d2ef4709|332|224|258|10|0|242688|105984|0|164404|4096|249856|4194304|4096|512|5|1|0|0|5|1|360448|1024|400423|2|33088|1048576|4096|1048576|4096|0|16|5|5.38801046132|4.43512765977|6.56305869584|67788.8|10752|242688|69516.6|15680|242331|10|250|15|0|13|3.4084966939|1.67171610429|5.85782348562|1134.61538462|12|6728|72|16|0
VirusShare_84eed586e03d47c460d8b83d63745e32|84eed586e03d47c460d8b83d63745e32|332|224|258|11|0|70656|130048|0|15741|4096|77824|4194304|4096|512|5|1|0|0|5|1|217088|1024|213271|2|33088|1048576|4096|1048576|4096|0|16|5|4.5932635307|2.71834388836|6.66904159286|38297.6|5120|70656|39955.6|14104|70652|7|105|1|0|7|3.27967541435|1.7987949407|5.26543593134|9899.28571429|16|67624|72|10|0
